{"accuracy_score": 0.8688524590163934, "f1_score": 0.8666666666666666, "roc_auc_score": 0.8733766233766233}