{"accuracy_score": 0.8852459016393442, "f1_score": 0.8813559322033899, "roc_auc_score": 0.8885281385281386}