{"accuracy_score": 0.9016393442622951, "f1_score": 0.8999999999999999, "roc_auc_score": 0.9063852813852814}